{
  "user_info": {
    "description": "당신 내 동료가 될래?",
    "created": "2019-01-09T10:00:51.287Z",
    "isBanned": false,
    "externalAppDisplayName": null,
    "hasVerifiedBadge": false,
    "id": 925235394,
    "name": "sinseang",
    "displayName": "sinsaeng"
  },
  "avatar_3d_metadata": {
    "camera": {
      "position": {
        "x": -2.05841,
        "y": 104.321,
        "z": -4.23659
      },
      "direction": {
        "x": -0.40558,
        "y": 0.40558,
        "z": -0.819152
      },
      "fov": 70.0
    },
    "aabb": {
      "min": {
        "x": -1.58106,
        "y": 100.01,
        "z": -1.01112
      },
      "max": {
        "x": 1.57072,
        "y": 104.526,
        "z": 0.831825
      }
    },
    "mtl": "30DAY-d94a725f59088e6779ceced6713f081f",
    "obj": "30DAY-e62bb1153018c6bb5381e1736a761ab7",
    "textures": [
      "30DAY-5754a778a99886aad4a4400ad2d90a98",
      "30DAY-ecad4fc918f19b5ac5f0b689e42e4c58",
      "30DAY-ba15d6b074c2401f047393e068f3fe70",
      "30DAY-17fec863e83f748dec04a338fd3ee858",
      "30DAY-423c8b644651a6bb37d6d18bec6d4d99"
    ]
  },
  "download_timestamp": "2025-09-11 16:54:12",
  "api_info": {
    "source": "Roblox Avatar 3D API",
    "endpoint": "https://thumbnails.roblox.com/v1/users/avatar-3d",
    "cdn_calculation": "Updated 2024 hash algorithm"
  }
}